ID,Name,Age,Gender,City
1,Alex,22,Male,New York
2,Brian,19,Male,Los Angeles
3,Charlie,21,Male,Chicago
4,Diana,23,Female,Houston
5,Eva,20,Female,Phoenix
6,Frank,24,Male,Philadelphia
7,Grace,22,Female,San Antonio
8,Helen,25,Female,San Diego
9,Ivy,18,Female,Dallas
10,Jack,19,Male,San Jose
11,Kelly,21,Female,New York
12,Leo,26,Male,Los Angeles
13,Mia,20,Female,Chicago
14,Nancy,27,Female,Houston
15,Oscar,23,Male,Phoenix
16,Peter,24,Male,Philadelphia
17,Quinn,28,Male,San Antonio
18,Rachel,22,Female,San Diego
19,Sam,19,Male,Dallas
20,Tom,21,Male,San Jose
21,Uma,25,Female,New York
22,Vera,24,Female,Los Angeles
23,Will,26,Male,Chicago
24,Xander,27,Male,Houston
25,Yara,21,Female,Phoenix
26,Zoe,19,Female,Philadelphia
27,Alex,22,Male,San Antonio
28,Brian,23,Male,San Diego
29,Charlie,20,Male,Dallas
30,Diana,18,Female,San Jose
31,Eva,27,Female,New York
32,Frank,21,Male,Los Angeles
33,Grace,26,Female,Chicago
34,Helen,25,Female,Houston
35,Ivy,22,Female,Phoenix
36,Jack,24,Male,Philadelphia
37,Kelly,19,Female,San Antonio
38,Leo,28,Male,San Diego
39,Mia,21,Female,Dallas
40,Nancy,23,Female,San Jose
41,Oscar,25,Male,New York
42,Peter,20,Male,Los Angeles
43,Quinn,18,Male,Chicago
44,Rachel,27,Female,Houston
45,Sam,24,Male,Phoenix
46,Tom,22,Male,Philadelphia
47,Uma,19,Female,San Antonio
48,Vera,21,Female,San Diego
49,Will,23,Male,Dallas
50,Xander,28,Male,San Jose
51,Yara,26,Female,New York
52,Zoe,25,Female,Los Angeles
53,Alex,21,Male,Chicago
54,Brian,27,Male,Houston
55,Charlie,19,Male,Phoenix
56,Diana,23,Female,Philadelphia
57,Eva,18,Female,San Antonio
58,Frank,24,Male,San Diego
59,Grace,22,Female,Dallas
60,Helen,21,Female,San Jose
61,Ivy,28,Female,New York
62,Jack,25,Male,Los Angeles
63,Kelly,26,Female,Chicago
64,Leo,23,Male,Houston
65,Mia,20,Female,Phoenix
66,Nancy,19,Female,Philadelphia
67,Oscar,22,Male,San Antonio
68,Peter,27,Male,San Diego
69,Quinn,24,Male,Dallas
70,Rachel,21,Female,San Jose
71,Sam,23,Male,New York
72,Tom,22,Male,Los Angeles
73,Uma,19,Female,Chicago
74,Vera,25,Female,Houston
75,Will,28,Male,Phoenix
76,Xander,21,Male,Philadelphia
77,Yara,22,Female,San Antonio
78,Zoe,24,Female,San Diego
79,Alex,19,Male,Dallas
80,Brian,25,Male,San Jose
81,Charlie,22,Male,New York
82,Diana,23,Female,Los Angeles
83,Eva,21,Female,Chicago
84,Frank,18,Male,Houston
85,Grace,27,Female,Phoenix
86,Helen,24,Female,Philadelphia
87,Ivy,22,Female,San Antonio
88,Jack,26,Male,San Diego
89,Kelly,28,Female,Dallas
90,Leo,20,Male,San Jose
91,Mia,21,Female,New York
92,Nancy,23,Female,Los Angeles
93,Oscar,18,Male,Chicago
94,Peter,25,Male,Houston
95,Quinn,19,Male,Phoenix
96,Rachel,24,Female,Philadelphia
97,Sam,28,Male,San Antonio
98,Tom,22,Male,San Diego
99,Uma,23,Female,Dallas
100,Vera,21,Female,San Jose